ID,quality
1951,7.1
1952,6.2
1953,6.4
1954,6.4
1955,6.5
1956,7.2
1957,6.7
1958,6.7
1959,6.4
1960,6.6
1961,6.6
1962,6.4
1963,6.5
1964,6.6
1965,7
1966,6.3
1967,6.3
1968,6.5
1969,6.3
1970,8.3
1971,6.1
1972,8.1
1973,6.1
1974,6.4
1975,6.2
1976,6.6
1977,6.5
1978,7.9
1979,6.5
1980,6.7
1981,7.2
1982,6.2
1983,7.3
1984,6.7
1985,6.8
1986,6.6
1987,6.3
1988,6.1
1989,6.2
1990,6.5
1991,7.7
1992,6.7
1993,6.7
1994,8.1
1995,6.5
1996,6.5
1997,7.6
1998,7.1
1999,7.2
2000,6.8
2001,7.8
2002,6
2003,6.6
2004,6.1
2005,6.2
2006,7
2007,6.3
2008,7.2
2009,6.1
2010,6.2
2011,6.7
2012,6.6
2013,6.5
2014,6.8
2015,6.4
2016,6.8
2017,6.3
2018,6.8
2019,7
2020,6
2021,6.5
2022,6
2023,6.6
2024,6.7
2025,6.3
2026,6.3
2027,6.2
2028,6.8
2029,6.2
2030,6.7
2031,6.6
2032,6.9
2033,6.4
2034,6.1
2035,6.3
2036,7.2
2037,6.1
2038,6.6
2039,7
2040,6.1
2041,6.5
2042,6.2
2043,6.1
2044,6.3
2045,6.1
2046,6.4
2047,6.2
2048,6.1
2049,7.3
2050,6
2051,6.5
2052,6.6
2053,7.6
2054,6.4
2055,6.2
2056,6.5
2057,6.4
2058,6.7
2059,6.2
2060,6.5
2061,7.1
2062,7
2063,7.1
2064,8.7
2065,6.7
2066,6.2
2067,6.4
2068,6.8
2069,6.2
2070,6.2
2071,6
2072,6.6
2073,6.7
2074,7.1
2075,6.5
2076,7.2
2077,6.1
2078,6.3
2079,7.7
2080,6.8
2081,6.3
2082,8.8
2083,7.6
2084,7.5
2085,6.4
2086,6.7
2087,7.4
2088,6.4
2089,6.9
2090,6.3
2091,6.2
2092,6.3
2093,7.5
2094,6.3
2095,6.1
2096,6.8
2097,6.4
2098,6.6
2099,6
2100,7
2101,6.9
2102,7.7
2103,7.3
2104,7.3
2105,6.5
2106,7.9
2107,6.4
2108,7.3
2109,6.2
2110,6.3
2111,6.5
2112,7.5
2113,6.5
2114,6.7
2115,6.4
2116,6.3
2117,6.6
2118,7.4
2119,6.3
2120,6.6
2121,7.4
2122,6.5
2123,6
2124,6.3
2125,7.1
2126,6.5
2127,6.8
2128,6.3
2129,7.4
2130,6.3
2131,6.4
2132,6
2133,7
2134,6.5
2135,6.7
2136,6.1
2137,6.2
2138,6.9
2139,6.1
2140,6.3
2141,6.3
2142,7.2
2143,6.6
2144,7.9
2145,6.2
2146,7.8
2147,7.5
2148,6.3
2149,6.4
2150,6.3
2151,6.3
2152,6.2
2153,6.7
2154,6.2
2155,6.9
2156,6.7
2157,6.5
2158,6
2159,6.1
2160,6.1
2161,6.5
2162,6.9
2163,6.3
2164,6.8
2165,6
2166,7.3
2167,6.8
2168,7.1
2169,6.6
2170,6.6
2171,6.4
2172,7
2173,6.3
2174,6.5
2175,6.4
2176,6.3
2177,6.6
2178,7
2179,6.8
2180,6.7
2181,6.5
2182,6.3
2183,6.4
2184,6.6
2185,6.7
2186,6.1
2187,6.3
2188,7.3
2189,6.7
2190,7.5
2191,6.3
2192,6.8
2193,6
2194,7.9
2195,6.5
2196,7
2197,6.7
2198,6
2199,6.4
2200,7.3
2201,6.8
2202,6.6
2203,7.2
2204,7
2205,7.1
2206,7
2207,6.8
2208,6.3
2209,6.7
2210,7.7
2211,6.2
2212,6
2213,8.1
2214,7.5
2215,6.2
2216,6.2
2217,6.6
2218,6.6
2219,6.3
2220,6.3
2221,6.2
2222,6.6
2223,6.2
2224,7
2225,6.1
2226,6.2
2227,6.7
2228,6.6
2229,8.3
2230,6.5
2231,6.6
2232,6.9
2233,6.1
2234,6.3
2235,6.9
2236,7.1
2237,7.5
2238,6
2239,6.7
2240,6.1
2241,7.1
2242,7.1
2243,6.5
2244,7
2245,6.9
2246,6.8
2247,6.2
2248,6
2249,6.6
2250,6.6
2251,6.1
2252,6.7
2253,7
2254,6.9
2255,7
2256,6.5
2257,6.3
2258,6.2
2259,6.4
2260,6.2
2261,6.2
2262,6.3
2263,6.2
2264,6.3
2265,6.9
2266,6.5
2267,6.3
2268,6
2269,7.1
2270,6.8
2271,6.9
2272,6.5
2273,8
2274,6.6
2275,6.2
2276,7
2277,6.8
2278,6.7
2279,6.5
2280,6.1
2281,7.3
2282,6.8
2283,7.3
2284,7.2
2285,7
2286,7
2287,6.8
2288,8.1
2289,6
2290,8.4
2291,6.1
2292,6.3
2293,6.2
2294,6.6
2295,6.8
2296,6.4
2297,6.3
2298,6
2299,6.2
2300,7.7
2301,6.6
2302,6.2
2303,6
2304,7.2
2305,6.7
2306,6
2307,7.5
2308,6.2
2309,6.7
2310,6.7
2311,6.9
2312,6.3
2313,6
2314,6.7
2315,6.3
2316,6.5
2317,7.6
2318,6.1
2319,6.1
2320,6.3
2321,6.8
2322,6.2
2323,7.9
2324,7.2
2325,6.1
2326,6.1
2327,6.1
2328,6.3
2329,6.4
2330,6.2
2331,6.7
2332,6.6
2333,6.4
2334,6.5
2335,6.9
2336,7.2
2337,6.2
2338,6.3
2339,7.7
2340,6.3
2341,6.3
2342,6.5
2343,7
2344,6.4
2345,7.4
2346,6.8
2347,6.3
2348,6.5
2349,6.2
2350,6.8
2351,6.3
2352,6.5
2353,6.2
2354,7.4
2355,7.3
2356,8.1
2357,7.3
2358,6.6
2359,6.4
2360,7.3
2361,7
2362,6.6
2363,6.2
2364,6.1
2365,6.2
2366,6.2
2367,8.2
2368,6.3
2369,7.3
2370,6.5
2371,6.6
2372,6.1
2373,6.1
2374,7.2
2375,6
2376,6.1
2377,6.9
2378,7.9
2379,6.5
2380,6.3
2381,6.2
2382,6.3
2383,7
2384,6.1
2385,6.2
2386,6
2387,6.3
2388,7.5
2389,6.8
2390,6.7
2391,6.9
2392,6.8
2393,6.1
2394,6.8
2395,7
2396,6
2397,7.5
2398,7.3
2399,6.2
2400,7
2401,7.2
2402,7.3
2403,6.8
2404,6.1
2405,6.8
2406,6.4
2407,7.8
2408,6.8
2409,7.6
2410,6
2411,6.7
2412,6.5
2413,6.1
2414,6.1
2415,6.8
2416,8.7
2417,6.6
2418,6.6
2419,7.2
2420,6.9
2421,6.8
2422,6.3
2423,6.8
2424,8.4
2425,6.9
2426,8
2427,8.1
2428,6.8
2429,6
2430,6.8
2431,7.1
2432,6.6
2433,7.5
2434,6.5
2435,6.9
2436,6.8
2437,6.5
2438,6.4
2439,6.5
2440,8.4
2441,6.4
2442,6.6
2443,7.2
2444,6.5
2445,7.3
2446,6.4
2447,7
2448,6.9
2449,6.3
2450,6.1
2451,6.1
2452,6.9
2453,6.2
2454,6.7
2455,6.6
2456,6.2
2457,7.9
2458,6.5
2459,6.2
2460,6.4
2461,6
2462,7.5
2463,6.9
2464,6.5
2465,6.6
2466,6.6
2467,6.2
2468,6.9
2469,8.4
2470,6.1
2471,6.3
2472,6.6
2473,7.2
2474,6.3
2475,6.3
2476,7.8
2477,6.1
2478,7
2479,7.9
2480,7.4
2481,6.1
2482,6.9
2483,6.2
2484,6.9
2485,6.4
2486,6.1
2487,7.4
2488,6.3
2489,7.5
2490,7.7
2491,7.9
2492,7.2
2493,6.9
2494,6.1
2495,7.6
2496,6.3
2497,6.4
2498,7.9
2499,6
2500,6.9
2501,7.1
2502,6.5
2503,6.5
2504,6.3
2505,6.8
2506,6.4
2507,6.9
2508,6.1
2509,6.5
2510,7.1
2511,6.6
2512,7.6
2513,6.1
2514,6.8
2515,7.3
2516,7.4
2517,7.7
2518,7.4
2519,6.8
2520,6.4
2521,6.5
2522,6.1
2523,6.6
2524,7
2525,8.2
2526,6.2
2527,8
2528,6.5
2529,6.4
2530,6.5
2531,6.7
2532,6.9
2533,6.4
2534,8.4
2535,6.9
2536,6
2537,6.7
2538,7.6
2539,6
2540,6.2
2541,6.9
2542,6.3
2543,6.5
2544,6.2
2545,6.6
2546,6.4
2547,7
2548,6.4
2549,7.2
2550,7.2
2551,7.3
2552,6.7
2553,7
2554,7.2
2555,6.4
2556,7
2557,6.1
2558,7
2559,6.7
2560,7.6
2561,6.7
2562,6.5
2563,6.2
2564,6.5
2565,6
2566,7.6
2567,6.2
2568,6
2569,6.6
2570,7.4
2571,6.7
2572,6.7
2573,6.7
2574,6.4
2575,6
2576,6.1
2577,6.9
2578,7.2
2579,6.9
2580,6.6
2581,6.1
2582,6.5
2583,7.2
2584,7.8
2585,7.1
2586,7.3
2587,6.4
2588,6
2589,7.1
2590,6.3
2591,6.7
2592,6.2
2593,6.4
2594,6.1
2595,7.2
2596,6.1
2597,6
2598,6.6
2599,7.3
2600,6.6
2601,6.2
2602,6.7
2603,6.2
2604,7
2605,7.6
2606,6.6
2607,6.9
2608,7.3
2609,6.1
2610,6.1
2611,6
2612,6.4
2613,6.1
2614,7.4
2615,6.8
2616,7.5
2617,6.5
2618,6.8
2619,6.6
2620,6.4
2621,6.2
2622,6.3
2623,6.2
2624,7.2
2625,6.6
2626,6.8
2627,6.2
2628,6.3
2629,6.1
2630,7
2631,8.1
2632,7.5
2633,6.5
2634,6.1
2635,6.2
2636,6.8
2637,6.2
2638,6.1
2639,6
2640,6.2
2641,6.3
2642,6.2
2643,6.2
2644,6.1
2645,6.3
2646,6.8
2647,6.5
2648,6.8
2649,6.6
2650,6.1
2651,6.8
2652,7.1
2653,6
2654,6.4
2655,7.3
2656,6.6
2657,6.5
2658,6.5
2659,6.1
2660,6.5
2661,6.1
2662,7.1
2663,6
2664,8.1
2665,6.4
2666,7.4
2667,6.5
2668,6.9
2669,6.6
2670,7.9
2671,6
2672,6.7
2673,6.1
2674,7.3
2675,6.7
2676,6.2
2677,6.1
2678,6.3
2679,6.8
2680,6.1
2681,6.1
2682,6.4
2683,7.4
2684,7.1
2685,6.5
2686,6.6
2687,7.5
2688,6.8
2689,6.9
2690,6.2
2691,7.8
2692,6.6
2693,6.2
2694,7.2
2695,7.4
2696,6.5
2697,6.6
2698,6
2699,6.3
2700,6.7
2701,6.4
2702,6.1
2703,7.7
2704,7.1
2705,6.8
2706,6.4
2707,6.8
2708,6.9
2709,6.5
2710,6.7
2711,6.3
2712,6.1
2713,6.5
2714,6.7
2715,6.2
2716,6.7
2717,6.6
2718,6
2719,6
2720,6.6
2721,7.1
2722,6.5
2723,6.2
2724,6.1
2725,7.1
2726,6.9
2727,6.7
2728,8.5
2729,7.1
2730,6.6
2731,7.9
2732,7.6
2733,6.2
2734,6
2735,7.2
2736,7
2737,7.2
2738,7.3
2739,7.1
2740,6.5
2741,6.8
2742,6.4
2743,6.6
2744,6.7
2745,7.1
2746,6.1
2747,6.6
2748,7.3
2749,6.6
2750,7.2
2751,7.1
2752,6.1
2753,6.6
2754,6.8
2755,7.2
2756,7.4
2757,6.6
2758,7.2
2759,6.6
2760,6.4
2761,6
2762,6.1
2763,6.8
2764,6.5
2765,6.7
2766,6.2
2767,7.3
2768,6.4
2769,6.8
2770,6.5
2771,8.3
2772,6.7
2773,6.2
2774,7.1
2775,6.7
2776,7.5
2777,7.3
2778,7.9
2779,6.1
2780,6.6
2781,6.6
2782,6
2783,6.5
2784,7.4
2785,7
2786,7
2787,7.6
2788,7.1
2789,6.3
2790,6.3
2791,6.8
2792,6.4
2793,7.3
2794,6.8
2795,7.5
2796,6.5
2797,6
2798,6.2
2799,7.2
2800,6.8
2801,6.1
2802,6.6
2803,7.4
2804,7.8
2805,6.9
2806,7.8
2807,6.5
2808,7
2809,7.2
2810,7.4
2811,6.8
2812,6.2
2813,7.5
2814,6.5
2815,7.3
2816,6.9
2817,6.2
2818,6.1
2819,6.7
2820,7.2
2821,6.7
2822,6.3
2823,6.8
2824,6.3
2825,6.1
2826,6.4
2827,6.4
2828,6.3
2829,6.2
2830,6.4
2831,6.7
2832,6
2833,6.6
2834,6.6
2835,6.1
2836,6.8
2837,6.4
2838,7.5
2839,6.4
2840,6.4
2841,6.2
2842,6.6
2843,7.7
2844,6.5
2845,7.9
2846,6.9
2847,6.3
2848,6.7
2849,7
2850,7.2
2851,7.1
2852,7.1
2853,6.2
2854,7.1
2855,7.3
2856,6.7
2857,6.9
2858,7
2859,7
2860,6.2
2861,6.3
2862,6.6
2863,7.3
2864,7.3
2865,6.5
2866,6.1
2867,6.5
2868,6
2869,6.2
2870,6.5
2871,6.1
2872,6.9
2873,7.7
2874,7.7
2875,7.6
2876,6.5
2877,6.2
2878,6.6
2879,6.7
2880,6.2
2881,6.9
2882,7.1
2883,6.4
2884,7.5
2885,7.8
2886,6.2
2887,6.6
2888,6.3
2889,7
2890,6.4
2891,6.6
2892,7.2
2893,6.1
2894,6.9
2895,6.1
2896,7.2
2897,6.2
2898,6.4
2899,6.7
2900,6.1
2901,7.4
2902,7.2
2903,7.1
2904,6.2
2905,7
2906,6.7
2907,6.7
2908,6.4
2909,6
2910,7
2911,6.3
2912,6.5
2913,7.3
2914,7.3
2915,6.1
2916,6.8
2917,7.4
2918,7.8
2919,7.4
2920,7
2921,8.1
2922,8.4
2923,6.2
2924,7
2925,6.7
2926,6.3
2927,6.4
2928,6.9
2929,6.6
2930,6.9
2931,6.3
2932,6.1
2933,6.1
2934,6.9
2935,7.1
2936,6
2937,6.1
2938,7.4
2939,7.1
2940,6.9
2941,6.6
2942,6.3
2943,6.6
2944,6.9
2945,6.3
2946,7.2
2947,6.3
2948,6.6
2949,6.8
2950,6.9
2951,7
2952,6.6
2953,7
2954,6.7
2955,7.6
2956,6
2957,6.4
2958,6.8
2959,6.1
2960,6.5
2961,7.7
2962,6.7
2963,6.6
2964,6.3
2965,6.5
2966,6.3
2967,7.3
2968,7.5
2969,7.4
2970,6.1
2971,7.7
2972,7.6
2973,7.1
2974,6.8
2975,7.4
2976,6.5
2977,6.8
2978,6.8
2979,6.1
2980,7.4
2981,6.1
2982,7.6
2983,6.5
2984,7.7
2985,6.8
2986,6.9
2987,6.1
2988,7.3
2989,6.2
2990,6.8
2991,7.1
2992,6.6
2993,6.4
2994,7.5
2995,6.2
2996,6.9
2997,7.6
2998,6.3
2999,6.3
3000,6.2
3001,6
3002,6.2
3003,6.8
3004,6.1
3005,6.9
3006,6.6
3007,6.4
3008,7
3009,6.7
3010,6.4
3011,7.7
3012,6.2
3013,6.1
3014,7.1
3015,6.2
3016,6.2
3017,7.4
3018,6.7
3019,6.6
3020,6.6
3021,6.6
3022,7.8
3023,6.8
3024,6.1
3025,6.5
3026,6.5
3027,7.1
3028,6.5
3029,6.1
3030,7
3031,6.2
3032,7.4
3033,7.1
3034,6.3
3035,6.1
3036,7.2
3037,6.7
3038,6.7
3039,6.8
3040,7.1
3041,7.8
3042,6.2
3043,7.1
3044,7.1
3045,7.3
3046,6.8
3047,6.8
3048,7.4
3049,6.8
3050,6.2
3051,6.8
3052,7
3053,6
3054,6.3
3055,6.1
3056,6.5
3057,8.1
3058,6.2
3059,6.1
3060,6.7
3061,7.8
3062,6.3
3063,7
3064,6.5
3065,6.6
3066,6.8
3067,6.8
3068,6.6
3069,7.4
3070,6.4
3071,6.4
3072,7.1
3073,6.6
3074,6.4
3075,6.6
3076,6.4
3077,6.9
3078,6.6
3079,6.3
3080,6.1
3081,7.1
3082,6.4
3083,6.7
3084,7.8
3085,6.5
3086,6.5
3087,7.7
3088,8
3089,6.1
3090,6.8
3091,6.1
3092,6.4
3093,6.4
3094,6.5
3095,6.1
3096,6.5
3097,7.2
3098,7.7
3099,6.8
3100,6.2
3101,6
3102,7.8
3103,7.5
3104,6.3
3105,6.5
3106,7.6
3107,7.1
3108,6.3
3109,7.1
3110,7.6
3111,6.3
3112,6.7
3113,6.8
3114,6.4
3115,7.1
3116,6.4
3117,7
3118,6.7
3119,7.3
3120,7.3
3121,6.7
3122,6.2
3123,7.2
3124,6.6
3125,7.9
3126,6.9
3127,6.7
3128,6.9
3129,7.6
3130,6.7
3131,7.5
3132,6.2
3133,6.7
3134,6.6
3135,7.1
3136,6.1
3137,6.1
3138,6.9
3139,6.9
3140,6.1
3141,7.6
3142,7.1
3143,6.2
3144,8
3145,7
3146,6.5
3147,6.7
3148,7.3
3149,6.5
3150,6.2
3151,6.4
3152,6.1
3153,6.1
3154,6.1
3155,6.5
3156,6.2
3157,6.9
3158,6.4
3159,6.4
3160,6.4
3161,6.7
3162,6.2
3163,6.4
3164,7.8
3165,7.2
3166,6.7
3167,6.6
3168,6
3169,7.6
3170,6.2
3171,6.6
3172,6.5
3173,7.1
3174,7.5
3175,6.2
3176,6
3177,6.5
3178,6.6
3179,7.9
3180,6.4
3181,6.7
3182,6.4
3183,7.1
3184,6.2
3185,7.7
3186,6
3187,7.2
3188,6.3
3189,6.9
3190,6.7
3191,7.1
3192,6.5
3193,6.3
3194,6.6
3195,7.6
3196,7
3197,6.2
3198,7
3199,6.6
3200,7.2
3201,6
3202,6.3
3203,6.8
3204,6.3
3205,6.3
3206,6.3
3207,6.5
3208,6.2
3209,7.9
3210,6
3211,6.1
3212,7
3213,6.5
3214,8
3215,6.6
3216,6.5
3217,6
3218,7.2
3219,7.5
3220,7.3
3221,6.4
3222,7.2
3223,6.2
3224,7.7
3225,7.2
3226,7.3
3227,6.5
3228,6.5
3229,6.2
3230,6.5
3231,6.3
3232,6.3
3233,6.8
3234,6.4
3235,6.4
3236,7
3237,6.8
3238,6.6
3239,6.4
3240,6
3241,6.8
3242,6.3
3243,7.1
3244,6.6
3245,6.3
3246,6
3247,6.4
3248,6.2
3249,6.1
3250,6.7
3251,6.8
3252,6.6
3253,6
3254,6.5
3255,6.8
3256,6.2
3257,6.5
3258,6.6
3259,6.9
3260,6.7
3261,7
3262,6.2
3263,6.7
3264,7.5
3265,6
3266,7
3267,6.7
3268,6.8
3269,6.1
3270,6.4
3271,7.9
3272,6.1
3273,6.6
3274,7.5
3275,6.6
3276,6.9
3277,6.1
3278,6.3
3279,7.1
3280,6.7
3281,6.9
3282,6.1
3283,6.7
3284,7.2
3285,6.5
3286,6.5
3287,6.2
3288,7.1
3289,6.7
3290,7.1
3291,7.4
3292,6.9
3293,6.4
3294,6.5
3295,6
3296,6.1
3297,6.3
3298,8.6
3299,7
3300,6.5
3301,7.1
3302,6.3
3303,7.3
3304,6.9
3305,7.1
3306,6.4
3307,7.3
3308,6.5
3309,6.3
3310,6.3
3311,6.8
3312,6
3313,7.2
3314,6.3
3315,6
3316,6.1
3317,6.6
3318,7.4
3319,7.1
3320,6.7
3321,7.4
3322,6.2
3323,6.3
3324,6.3
3325,6.3
3326,6.8
3327,7
3328,6.9
3329,6.8
3330,6.2
3331,6.9
3332,6.2
3333,7.1
3334,6
3335,6.9
3336,6.1
3337,6.2
3338,7.2
3339,7.1
3340,7
3341,6.9
3342,6.8
3343,6.5
3344,6.9
3345,6.4
3346,6.1
3347,7
3348,6.7
3349,6.3
3350,6.8
3351,6
3352,7.9
3353,6
3354,6.6
3355,6.2
3356,7
3357,6.6
3358,8.3
3359,6.5
3360,6.5
3361,6.1
3362,6.8
3363,7.5
3364,7
3365,6.2
3366,6.4
3367,7.5
3368,6.8
3369,6.1
3370,6.9
3371,7
3372,6.2
3373,6.5
3374,6.7
3375,7.2
3376,6.3
3377,6.5
3378,6.1
3379,6.4
3380,6.1
3381,7.6
3382,7.7
3383,7.4
3384,8.3
3385,8.1
3386,6.9
3387,6.7
3388,7.9
3389,7
3390,7.3
3391,6.7
3392,7.2
3393,7.1
3394,6.3
3395,6.4
3396,6.4
3397,6.3
3398,6.9
3399,8.1
3400,6.6
3401,6.3
3402,6.4
3403,7.4
3404,6.9
3405,7.4
3406,6.8
3407,7
3408,7.5
3409,7.2
3410,6.9
3411,7.6
3412,6.3
3413,6.4
3414,6.5
3415,6.4
3416,6.3
3417,6.4
3418,7.6
3419,6.2
3420,7
3421,7.5
3422,6.2
3423,6.4
3424,7.9
3425,6.9
3426,6.2
3427,6.2
3428,6.4
3429,7
3430,6.5
3431,6.7
3432,7.3
3433,6.9
3434,7.5
3435,7.3
3436,6.4
3437,7
3438,6.2
3439,6.3
3440,6.3
3441,6.3
3442,6.8
3443,6.3
3444,7
3445,8.3
3446,6.5
3447,7
3448,6.2
3449,6.4
3450,6.4
3451,7.2
3452,6
3453,6.7
3454,7
3455,6.3
3456,6
3457,7.2
3458,8.3
3459,6.1
3460,6.9
3461,6.9
3462,6.3
3463,7.2
3464,6.9
3465,6.4
3466,6.1
3467,6.4
3468,6
3469,6.4
3470,6.3
3471,7.1
3472,7.6
3473,6.7
3474,6.1
3475,6.7
3476,6.5
3477,6.2
3478,6.4
3479,6.2
3480,6.7
3481,7.7
3482,6
3483,6.6
3484,6.8
3485,6.3
3486,7.2
3487,6.4
3488,6.6
3489,6.1
3490,6.3
3491,7
3492,7.2
3493,7.2
3494,6.3
3495,6.7
3496,6.1
3497,6.8
3498,6.6
3499,6.2
3500,6.7
3501,6.3
3502,6.8
3503,7
3504,7.4
3505,7
3506,6.2
3507,6
3508,6.1
3509,6.3
3510,6.6
3511,6.7
3512,6.5
3513,6.3
3514,6.1
3515,6
3516,7.9
3517,6.4
3518,6.8
3519,6.3
3520,7
3521,8.7
3522,6.3
3523,6.2
3524,6.3
3525,6.3
3526,8.1
3527,6.2
3528,6.2
3529,6
3530,6.6
3531,6.3
3532,6.4
3533,6.1
3534,7.8
3535,7.3
3536,6.1
3537,6.6
3538,6.2
3539,7.8
3540,6.5
3541,7.3
3542,7
3543,6.1
3544,6.5
3545,6.7
3546,7
3547,6.2
3548,7.8
3549,6.2
3550,8.1
3551,7.7
3552,6.7
3553,6.8
3554,6.8
3555,6.1
3556,6.9
3557,6.7
3558,6.9
3559,7.8
3560,7
3561,7.3
3562,6.7
3563,6.4
3564,6.4
3565,6.5
3566,6.6
3567,6.1
3568,6.1
3569,6.1
3570,6.8
3571,8.1
3572,6.4
3573,8
3574,6.2
3575,6.6
3576,6.1
3577,8.1
3578,6.9
3579,6.5
3580,7.8
3581,7.1
3582,6.5
3583,6.9
3584,6.5
3585,6.2
3586,6.7
3587,6
3588,6.9
3589,7
3590,6
3591,6.9
3592,6.9
3593,6.8
3594,6.4
3595,6.7
3596,7.3
3597,7.1
3598,7.3
3599,7.4
3600,6.4
3601,6.1
3602,7
3603,6.6
3604,6.8
3605,6.5
3606,7.4
3607,7.8
3608,6.7
3609,7
3610,6.4
3611,6.9
3612,6.1
3613,6.7
3614,7.2
3615,6.7
3616,6.4
3617,6.1
3618,6.9
3619,6.3
3620,7.1
3621,6.2
3622,6.5
3623,6.7
3624,6.1
3625,7
3626,6.9
3627,6.3
3628,6.4
3629,6.1
3630,6.8
3631,6.8
3632,6.9
3633,7.7
3634,6
3635,7.2
3636,6.3
3637,6.6
3638,7.2
3639,7.2
3640,7.4
3641,6.9
3642,6.2
3643,6.4
3644,6.3
3645,7
3646,6.5
3647,6
3648,7.3
3649,6.4
3650,7.3
3651,6.1
3652,7.1
3653,6.5
3654,6.6
3655,6.8
3656,6.2
3657,6.3
3658,6.1
3659,6.1
3660,6.2
3661,6.1
3662,6.1
3663,6.8
3664,6.6
3665,7.1
3666,7
3667,6.8
3668,6.6
3669,6
3670,6.8
3671,6
3672,6.3
3673,6.9
3674,6.4
3675,6.8
3676,6.1
3677,6.5
3678,6.6
3679,6.1
3680,6.3
3681,6.1
3682,6.4
3683,6.4
3684,7.7
3685,7.6
3686,7
3687,6.1
3688,6.9
3689,6.6
3690,7.4
3691,6.5
3692,6.4
3693,6.1
3694,6.5
3695,6.9
3696,6.2
3697,6.5
3698,7.4
3699,7.2
3700,7
3701,6.7
3702,7.2
3703,7
3704,6.9
3705,7
3706,6.7
3707,6.1
3708,6.1
3709,6.4
3710,7
3711,6.5
3712,6.4
3713,7.8
3714,6.8
3715,7
3716,7.1
3717,6.4
3718,6.3
3719,6.2
3720,6.6
3721,6.3
3722,6.6
3723,7.1
3724,6.6
3725,7.8
3726,6.3
3727,6.7
3728,6
3729,6.3
3730,6.2
3731,7.3
3732,6.4
3733,6.7
3734,6.7
3735,6.9
3736,7.4
3737,7.1
3738,6.4
3739,6.5
3740,6.5
3741,7
3742,6.2
3743,6.6
3744,7.2
3745,6.1
3746,6.6
3747,6.5
3748,6.2
3749,6.8
3750,6.4
3751,6.3
3752,7.6
3753,8.5
3754,7.3
3755,6.1
3756,6.2
3757,6.6
3758,7.9
3759,6.5
3760,7.9
3761,6.8
3762,6.1
3763,7.5
3764,6
3765,7.2
3766,7.4
3767,6.8
3768,6.1
3769,6.7
3770,6.6
3771,6.7
3772,7.4
3773,6.7
3774,6.7
3775,6.8
3776,6.8
3777,6.6
3778,6.9
3779,7.1
3780,6.4
3781,6.6
3782,7.1
3783,6.1
3784,6.3
3785,6.6
3786,6.3
3787,6.4
3788,6.2
3789,7
3790,6.6
3791,7
3792,6.6
3793,6.1
3794,6.3
3795,7.5
3796,6.8
3797,7.3
3798,6
3799,6.9
3800,6.5
3801,6.1
3802,7.7
3803,6.1
3804,6.9
3805,7.1
3806,7.5
3807,7.2
3808,6.4
3809,6.2
3810,6.7
3811,6.1
3812,6.1
3813,6.6
3814,6.4
3815,6.5
3816,6.3
3817,6.7
3818,6.3
3819,6.9
3820,6.5
3821,7
3822,7
3823,6.5
3824,6.1
3825,6.6
3826,6.3
3827,6.6
3828,6.4
3829,6.3
3830,6.7
3831,6.3
3832,6.6
3833,6.6
3834,6.7
3835,7.4
3836,6.4
3837,7.3
3838,6.4
3839,7.9
3840,6.2
3841,6.4
3842,6.3
3843,6.5
3844,7.1
3845,6.2
3846,6.2
3847,7.3
3848,8.2
3849,7.4
3850,6.5
3851,6
3852,7.2
3853,6.4
3854,6.2
3855,6.4
3856,7.5
3857,6.4
3858,6.4
3859,6
3860,6.6
3861,7.1
3862,6.4
3863,6.7
3864,6.9
3865,6.3
3866,7.3
3867,6.1
3868,7.1
3869,6.3
3870,6.8
3871,6.1
3872,6.2
3873,6.3
3874,6.5
3875,6.2
3876,6.3
3877,6.7
3878,6.6
3879,7.1
3880,6.4
3881,7.4
3882,7
3883,7.9
3884,7.7
3885,7.4
3886,6.8
3887,7.1
3888,7.6
3889,6.2
3890,6.2
3891,6.9
3892,6.3
3893,6.2
3894,6
3895,6.4
3896,6.5
3897,6.4
3898,6
3899,6.1
3900,7.5
3901,6.4
3902,6.7
3903,6.2
3904,6.6
3905,6.1
3906,7
3907,6.1
3908,6.2
3909,7.1
3910,6.4
3911,6.2
3912,6.3
3913,6.3
3914,6.7
3915,7
3916,7.1
3917,6.3
3918,7.6
3919,6.5
3920,6.8
3921,7
3922,6.8
3923,6.9
3924,7.2
3925,6.1
3926,6
3927,7.3
3928,6.2
3929,7.2
3930,6.3
3931,7.3
3932,6.4
3933,6.2
3934,6.7
3935,6
3936,6.7
3937,7.1
3938,8
3939,6.6
3940,6.8
3941,6.2
3942,6.2
3943,6.5
3944,6.2
3945,6.4
3946,6.4
3947,7.1
3948,6.8
3949,6.4
3950,7
3951,6
3952,7
3953,8.8
3954,6.2
3955,7.5
3956,7.7
3957,6.4
3958,6.2
3959,6.1
3960,7.6
3961,6.5
3962,6.8
3963,6.5
3964,7.7
3965,8.1
3966,8.3
3967,6.5
3968,6.5
3969,6.6
3970,6
3971,6.9
3972,6.1
3973,6.7
3974,7.3
3975,6.7
3976,6.2
3977,6.1
3978,6.2
3979,7.6
3980,6.3
3981,6.9
3982,6.3
3983,6.6
3984,6.4
3985,6.9
3986,6.5
3987,6.1
3988,7.1
3989,7
3990,6.2
3991,6.3
3992,7.3
3993,6.3
3994,6.5
3995,6
3996,6.2
3997,6.6
3998,6.5
3999,6.6
4000,7
4001,6
4002,6.6
4003,6
4004,6.3
4005,7
4006,7.4
4007,6.1
4008,6
4009,7.8
4010,6.6
4011,6.9
4012,6.4
4013,6.2
4014,6.3
4015,6.8
4016,7.2
4017,6.5
4018,8.2
4019,6.3
4020,6.8
4021,6.1
4022,7.4
4023,6.4
4024,7
4025,6.6
4026,7.2
4027,6.5
4028,6.2
4029,7.1
4030,7.4
4031,6.3
4032,6.4
4033,6.5
4034,6.4
4035,7.2
4036,7.3
4037,6.5
4038,6.8
4039,6.1
4040,7.5
4041,7
4042,7
4043,6.3
4044,6.2
4045,6.2
4046,6.7
4047,6.2
4048,6.4
4049,6.1
4050,7.6
4051,7.4
4052,6.6
4053,6
4054,6.1
4055,6.3
4056,6.4
4057,6.6
4058,6.5
4059,6.9
4060,6.6
4061,6.9
4062,6.2
4063,7.2
4064,6.5
4065,6.2
4066,6.6
4067,8.4
4068,7.3
4069,7.2
4070,7.4
4071,6.4
4072,6.6
4073,6.8
4074,6.7
4075,6.4
4076,6.7
4077,6.1
4078,7.2
4079,6.1
4080,8.8
4081,7.1
4082,7.1
4083,7.4
4084,6.5
4085,7.5
4086,6.7
4087,6.4
4088,6.4
4089,6.6
4090,6.4
4091,6.8
4092,6.1
4093,8.1
4094,7.2
4095,8.6
4096,6.2
4097,6
4098,7.3
4099,7.8
4100,7.5
4101,7.2
4102,6.4
4103,6.6
4104,6.2
4105,6.8
4106,6.3
4107,6.9
4108,7.2
4109,6.3
4110,6.8
4111,7.1
4112,6
4113,8.1
4114,6.6
4115,7.8
4116,6.3
4117,6.2
4118,6.8
4119,7.3
4120,7.1
4121,6.2
4122,7.5
4123,6.4
4124,6.2
4125,6.4
4126,6.3
4127,7.5
4128,6.5
4129,7.5
4130,7.7
4131,6.4
4132,7.4
4133,6.6
4134,7.7
4135,6.6
4136,6.8
4137,6.8
4138,7.6
4139,6
4140,6.5
4141,7.1
4142,7.4
4143,6.5
4144,7
4145,7.2
4146,6.3
4147,6
4148,7.3
4149,6.9
4150,6.1
4151,6.9
4152,6.1
4153,7.4
4154,6.1
4155,6.3
4156,6.2
4157,6.8
4158,6.4
4159,7.1
4160,7.5
4161,6.7
4162,7.2
4163,7.5
4164,6.6
4165,6.9
4166,6.8
4167,7.1
4168,6.5
4169,6.8
4170,6.8
4171,6.3
4172,6.7
4173,8.1
4174,7
4175,6.2
4176,7.1
4177,6.4
4178,6.4
4179,7.1
4180,6.4
4181,6.5
4182,7.7
4183,6.3
4184,6.6
4185,6
4186,7
4187,7.1
4188,6.3
4189,6.7
4190,7.1
4191,7.5
4192,6.6
4193,6.5
4194,6.7
4195,6.6
4196,6
4197,7
4198,6.2
4199,6.3
4200,7.2
4201,7.1
4202,6
4203,8.1
4204,7.3
4205,6.1
4206,6.6
4207,6.3
4208,7.4
4209,6.1
4210,7.2
4211,6.4
4212,7.6
4213,7.2
4214,6.1
4215,6.6
4216,6.6
4217,6.2
4218,6.3
4219,6.2
4220,8.6
4221,7.4
4222,6.7
4223,7.3
4224,6.2
4225,7.2
4226,6.1
4227,6.2
4228,6.7
4229,7.2
4230,7
4231,7.2
4232,6.1
4233,7.5
4234,6.5
4235,7.5
4236,6.4
4237,7.7
4238,7.4
4239,6.6
4240,6.6
4241,8.3
4242,6.4
4243,7.1
4244,6.8
4245,6.1
4246,7
4247,7.6
4248,6.9
4249,6.4
4250,6.7
4251,6
4252,6.1
4253,6.8
4254,6.4
4255,6
4256,6.3
4257,6.8
4258,6.6
4259,6.2
4260,7
4261,6.2
4262,7.3
4263,7
4264,7.5
4265,6.4
4266,6.7
4267,6.1
4268,6.2
4269,6.6
4270,6.1
4271,6.4
4272,6.4
4273,6.9
4274,6
4275,7.2
4276,6.1
4277,6.1
4278,6.6
4279,6.5
4280,6.7
4281,6.2
4282,6.3
4283,7.3
4284,6.4
4285,7.4
4286,6.2
4287,6.4
4288,7.2
4289,6.5
4290,7.1
4291,6.1
4292,7.5
4293,6.2
4294,7.6
4295,6.2
4296,6.1
4297,6
4298,6.4
4299,7.1
4300,6.1
4301,6
4302,6.6
4303,6.5
4304,6.2
4305,7.4
4306,6.6
4307,7
4308,7.7
4309,6.4
4310,9
4311,6.2
4312,7.9
4313,6.1
4314,6.2
4315,6.8
4316,6.9
4317,6.6
4318,6.5
4319,6.3
4320,6.4
4321,6.1
4322,6.5
4323,7.8
4324,7.9
4325,6.4
4326,6.1
4327,7
4328,6.9
4329,7.1
4330,6.4
4331,6.4
4332,7.8
4333,6.1
4334,7.1
4335,6.9
4336,6.2
4337,6.6
4338,6.9
4339,6.9
4340,6.9
4341,6.3
4342,6.6
4343,6.3
4344,6.3
4345,6.2
4346,6.4
4347,6.9
4348,6.3
4349,6.7
4350,6.4
4351,7.7
4352,7.6
4353,6.4
4354,6.1
4355,7.3
4356,6.2
4357,7.1
4358,6
4359,6.4
4360,7.6
4361,8.1
4362,6.7
4363,7.8
4364,6
4365,6.2
4366,7.5
4367,6.9
4368,6.9
4369,7.3
4370,7.1
4371,6.5
4372,7.3
4373,6.4
4374,6.2
4375,6.1
4376,6.7
4377,7.2
4378,7
4379,7.2
4380,6
4381,6.5
4382,6.2
4383,7.2
4384,6.2
4385,6.9
4386,6.3
4387,7.2
4388,7.6
4389,6.6
4390,7.6
4391,6.1
4392,6.3
4393,6.9
4394,6.1
4395,6.7
4396,6.2
4397,6.9
4398,6.6
4399,6.2
4400,6.8
4401,6.3
4402,6.2
4403,7.2
4404,6.2
4405,6.2
4406,7.6
4407,6.1
4408,7.1
4409,7.7
4410,7
4411,6.3
4412,6.1
4413,8.5
4414,6.7
4415,6.7
4416,7.9
4417,7.3
4418,6.2
4419,6.8
4420,6.3
4421,6.6
4422,6.3
4423,6.8
4424,7.7
4425,6.7
4426,6.4
4427,6.2
4428,7.8
4429,7.1
4430,6.6
4431,7.1
4432,6.1
4433,6.8
4434,6.1
4435,6.2
4436,6.3
4437,6.4
4438,6.5
4439,6.3
4440,6.2
4441,6.7
4442,7
4443,6.5
4444,6.2
4445,6.4
4446,6
4447,6.3
4448,6.8
4449,6.2
4450,6.5
4451,6.3
4452,7.4
4453,6.6
4454,6.7
4455,6.2
4456,7.5
4457,7
4458,6.7
4459,8.5
4460,6.3
4461,6.6
4462,6.3
4463,6.7
4464,6.9
4465,6.8
4466,6.5
4467,6.5
4468,6.2
4469,7.7
4470,7.2
4471,6.7
4472,6
4473,7.5
4474,6.6
4475,6.4
4476,6.5
4477,6.9
4478,7.5
4479,6.3
4480,7.2
4481,6.7
4482,6.5
4483,6.4
4484,6.3
4485,7.2
4486,6.1
4487,6.1
4488,6.2
4489,6.5
4490,6.6
4491,7.6
4492,6.8
4493,6.6
4494,6.9
4495,6.6
4496,6.5
4497,7.8
4498,6.2
4499,6.1
4500,6.8
4501,6.5
4502,6
4503,6.9
4504,6.2
4505,6.2
4506,7.2
4507,6.1
4508,6.5
4509,6.6
4510,6.9
4511,6.6
4512,6.1
4513,7
4514,6.7
4515,6
4516,7.1
4517,6.2
4518,6.7
4519,6.3
4520,6.8
4521,6.8
4522,6.7
4523,6.2
4524,7
4525,6.3
4526,6.6
4527,6.5
4528,6.6
4529,6.1
4530,6.7
4531,6.7
4532,6.8
4533,7.8
4534,6.5
4535,6.3
4536,6.2
4537,7
4538,6.8
4539,8.4
4540,6.2
4541,7.1
4542,6
4543,7.8
4544,6.7
4545,6.3
4546,7.9
4547,6.4
4548,7.8
4549,7
4550,7.8
4551,6.4
4552,6.9
4553,6
4554,7.5
4555,6.1
4556,6.3
4557,6.4
4558,6.8
4559,6.4
4560,7.4
4561,6.2
4562,6.4
4563,6.8
4564,6.6
4565,6.1
4566,6
4567,6.6
4568,7.2
4569,6.6
4570,6.2
4571,7.2
4572,7.3
4573,6.7
4574,6
4575,6
4576,7
4577,6.7
4578,6.3
4579,6.2
4580,6.9
4581,6.1
4582,6.2
4583,6.4
4584,7.1
4585,6.6
4586,6.4
4587,6.5
4588,6.6
4589,7
4590,7.2
4591,7.1
4592,7
4593,7.7
4594,6.3
4595,6.9
4596,6.2
4597,6.5
4598,6.6
4599,7.4
4600,6.2
4601,7.1
4602,6
4603,6
4604,6.9
4605,8.1
4606,6.7
4607,6.6
4608,6.6
4609,7.2
4610,7
4611,6.4
4612,6.8
4613,7.6
4614,6.6
4615,7.3
4616,6.7
4617,6.4
4618,6.1
4619,6.7
4620,6.2
4621,6.5
4622,6.2
4623,6.9
4624,6.7
4625,6.1
4626,6.3
4627,6.3
4628,6.5
4629,6.4
4630,6.9
4631,6
4632,6.2
4633,7.8
4634,6.4
4635,6
4636,8.2
4637,6.5
4638,7.7
4639,6.6
4640,6.2
4641,6.2
4642,7.1
4643,7
4644,6.2
4645,6.4
4646,6.7
4647,6.1
4648,7
4649,6.5
4650,6.5
4651,7.8
4652,7.3
4653,6.2
4654,6.3
4655,6.8
4656,7.1
4657,7.5
4658,6
4659,6.7
4660,6.5
4661,6.6
4662,6.6
4663,6.2
4664,7.7
4665,6.5
4666,6.8
4667,6.2
4668,6.2
4669,6.7
4670,7.3
4671,6.3
4672,7.2
4673,6.4
4674,6
4675,6.3
4676,6
4677,7
4678,6.3
4679,6.1
4680,7
4681,6.8
4682,7.1
4683,6.6
4684,6.8
4685,7.5
4686,6.3
4687,6.1
4688,6.7
4689,6.5
4690,6.4
4691,6.3
4692,7.7
4693,6.2
4694,6.9
4695,6.1
4696,6.1
4697,6.2
4698,7
4699,6.4
4700,7
4701,7
4702,7.1
4703,6.1
4704,6.7
4705,7.6
4706,7.2
4707,6.5
4708,7.4
4709,6.9
4710,6.1
4711,6
4712,6.4
4713,6.8
4714,7.5
4715,6.4
4716,6.6
4717,6.7
4718,6.8
4719,6.8
4720,6.6
4721,6.2
4722,8.1
4723,6.8
4724,7
4725,6.5
4726,6.5
4727,6.4
4728,6.8
4729,6.7
4730,6.4
4731,7.1
4732,6.4
4733,6.5
4734,7.1
4735,6.2
4736,6.8
4737,7.5
4738,6.6
4739,6.2
4740,6.9
4741,6.1
4742,6.5
4743,6.3
4744,7.6
4745,7.2
4746,6.4
4747,7
4748,7.4
4749,7
4750,6
4751,7.9
4752,6
4753,6.4
4754,6.4
4755,6.6
4756,7.7
4757,7
4758,7.5
4759,6.6
4760,6.9
4761,6
4762,6.5
4763,7.7
4764,6.2
4765,6.5
4766,6.9
4767,6.4
4768,6.7
4769,6.1
4770,7
4771,6.5
4772,7.6
4773,7.3
4774,6.3
4775,6
4776,7
4777,6.1
4778,6
4779,6.8
4780,6
4781,7.3
4782,6.5
4783,6.1
4784,6.5
4785,7
4786,6.1
4787,6.2
4788,6.8
4789,6.2
4790,6.3
4791,6.5
4792,6
4793,6.2
4794,8.6
4795,6.1
4796,6.5
4797,6.6
4798,6.2
4799,7.2
4800,6.5
4801,7.3
4802,6.4
4803,6.4
4804,6.8
4805,6.6
4806,7.7
4807,6.7
4808,7.3
4809,6.2
4810,6.7
4811,7
4812,6.2
4813,7.8
4814,6.2
4815,6.2
4816,6.3
4817,6.1
4818,6.5
4819,6.7
4820,6.3
4821,6.2
4822,7.8
4823,6.5
4824,6.3
4825,6.9
4826,6.3
4827,6.6
4828,7.5
4829,6.4
4830,6.5
4831,6.8
4832,7.8
4833,6.6
4834,6.7
4835,6.6
4836,6.8
4837,6.9
4838,7.2
4839,7.7
4840,6
4841,6.2
4842,6.9
4843,6
4844,8.1
4845,7.2
4846,6
4847,6.8
4848,6.8
4849,6.3
4850,6
4851,6.4
4852,6.1
4853,6.4
4854,6
4855,7.3
4856,6.5
4857,6.2
4858,6.8
4859,7.1
4860,7.4
4861,6.1
4862,6
4863,7.6
4864,6.1
4865,6.3
4866,6.5
4867,6.7
4868,6.7
4869,6.3
4870,6.3
4871,7.5
4872,7.5
4873,6.1
4874,8.3
4875,6.1
4876,7.2
4877,6.7
4878,6.9
4879,6.6
4880,7.9
4881,7.3
4882,7
4883,6.8
4884,6.2
4885,6.5
4886,6
4887,7.1
4888,7.4
4889,6.3
4890,7.1
4891,6.7
4892,6.6
4893,7.3
4894,6.3
4895,6.1
4896,7.3
4897,6
4898,6.4
4899,6.8
4900,6.9
4901,7.6
4902,7
4903,6.2
4904,6.8
4905,8.3
4906,6.1
4907,6.6
4908,6.8
4909,6.1
4910,6.4
4911,7.7
4912,6.6
4913,7.1
4914,6.4
4915,6.8
4916,6.3
4917,6.6
4918,6.4
4919,7.1
4920,6.1
4921,6.2
4922,6.5
4923,6.1
4924,6.1
4925,7.3
4926,6.1
4927,6.5
4928,7.4
4929,6.5
4930,6.2
4931,7.1
4932,6.3
4933,6.9
4934,6.3
4935,7.5
4936,6.7
4937,6.3
4938,6.1
4939,6.9
4940,6.2
4941,6.9
4942,6.1
4943,6.5
4944,6.4
4945,7
4946,6.7
4947,6.8
4948,6.4
4949,6.8
4950,7.1
4951,6.7
4952,6.4
4953,6.1
4954,6.3
4955,6.9
4956,6.7
4957,6.6
4958,6.9
4959,6.9
4960,6.4
4961,7.5
4962,6.5
4963,6.1
4964,6
4965,7.4
4966,6.5
4967,7.7
4968,6.5
4969,6.5
4970,6.4
4971,7.8
4972,6.2
4973,7.1
4974,6.3
4975,7
4976,8.1
4977,6.5
4978,6.3
4979,6.1
4980,7
4981,7.1
4982,6.2
4983,6
4984,6.8
4985,7.4
4986,6.4
4987,6.9
4988,6.4
4989,6.3
4990,6.4
4991,6.4
4992,6.5
4993,6.2
4994,6.8
4995,7.1
4996,6.1
4997,6.5
4998,6.2
4999,6.4
5000,6.7
5001,6.3
5002,6.2
5003,6
5004,6.2
5005,6
5006,6.5
5007,7.2
5008,6.3
5009,7.1
5010,8.1
5011,6.5
5012,6.5
5013,6.7
5014,6.1
5015,6.3
5016,6.7
5017,6.2
5018,6.5
5019,6.2
5020,6.9
5021,6.1
5022,6.8
5023,6.1
5024,7.7
5025,6
5026,6.4
5027,6.5
5028,6.2
5029,7.2
5030,7.8
5031,6.1
5032,6.4
5033,6.3
5034,7.7
5035,6.4
5036,6.7
5037,6
5038,7.3
5039,6.4
5040,7.4
5041,6.4
5042,7.3
5043,6.7
5044,6.1
5045,6.2
5046,6.8
5047,6.2
5048,6.2
5049,6.4
5050,6.8
5051,6.4
5052,6.8
5053,8
5054,6.3
5055,6.5
5056,6.4
5057,6.4
5058,7.4
5059,6.3
5060,6.4
5061,6.2
5062,6.2
5063,7.6
5064,7.5
5065,6.7
5066,7.4
5067,6.6
5068,6.9
5069,6.9
5070,6.2
5071,6.2
5072,6.1
5073,6.6
5074,6.6
5075,7.2
5076,7.4
5077,6.5
5078,7.7
5079,6.4
5080,6.9
5081,7.2
5082,6.6
5083,6.5
5084,6.5
5085,6.1
5086,6.4
5087,7.3
5088,6
5089,6.2
5090,6.9
5091,6.6
5092,6
5093,6.6
5094,6.6
5095,7.5
5096,8.4
5097,6.6
5098,6.2
5099,7.3
5100,6.2
5101,6.4
5102,6.3
5103,6.6
5104,6.6
5105,6.6
5106,7.1
5107,6.1
5108,7.3
5109,6.2
5110,6.7
5111,8
5112,6.5
5113,6.1
5114,6.8
5115,6.2
5116,6.9
5117,6.2
5118,7.6
5119,6.3
5120,6.9
5121,7
5122,6.3
5123,6.2
5124,7
5125,6.7
5126,7.3
5127,6.3
5128,6.5
5129,6.1
5130,6.3
5131,6.3
5132,7.2
5133,6.3
5134,6.7
5135,6.1
5136,6.4
5137,7.5
5138,6.4
5139,6.5
5140,6.9
5141,6.9
5142,6.2
5143,7.4
5144,6.5
5145,6.8
5146,6.8
5147,6.1
5148,7.5
5149,6.9
5150,6.4
5151,6.8
5152,7
5153,6.8
5154,6.5
5155,6.5
5156,6.2
5157,7.5
5158,6.6
5159,6.9
5160,6.4
5161,7.1
5162,7.8
5163,6.7
5164,7
5165,7.1
5166,6.9
5167,6.5
5168,6.7
5169,6.1
5170,6
5171,6.2
5172,6.8
5173,7
5174,6.4
5175,6.1
5176,7.2
5177,7.6
5178,6.1
5179,6.3
5180,6.9
5181,6.4
5182,6.4
5183,6.4
5184,6.8
5185,6.3
5186,6.4
5187,6.7
5188,6.9
5189,6.4
5190,6.8
5191,6.3
5192,6.1
5193,6.4
5194,6.6
5195,6.2
5196,7.6
5197,6.3
5198,6.8
5199,6.9
5200,7
5201,6.6
5202,6
5203,6.5
5204,7.1
5205,7.2
5206,8.1
5207,6.5
5208,6.7
5209,6.3
5210,6.8
5211,6.2
5212,6.2
5213,6.2
5214,6.3
5215,7.3
5216,6
5217,6.9
5218,7.8
5219,6.5
5220,6.4
5221,7.8
5222,6.5
5223,6.6
5224,6.4
5225,6.8
5226,6.5
5227,6.3
5228,6.1
5229,7.4
5230,6.3
5231,6.7
5232,6.1
5233,7.1
5234,6.4
5235,6.5
5236,6.5
5237,7.4
5238,6.7
5239,6.6
5240,6
5241,6.6
5242,6.3
5243,6.6
5244,6.4
5245,6.8
5246,6.4
5247,7.4
5248,6
5249,6.2
5250,6.6
5251,6.7
5252,6.3
5253,6.1
5254,7
5255,6.3
5256,6.7
5257,6.7
5258,6.5
5259,7.4
5260,6.2
5261,6.7
5262,6.3
5263,6.5
5264,6.7
5265,7.3
5266,6.7
5267,6.6
5268,7.1
5269,6
5270,7.2
5271,6.3
5272,6.1
5273,7.1
5274,6.2
5275,6.4
5276,7.2
5277,8.3
5278,6.2
5279,6.4
5280,7.9
5281,6.1
5282,7
5283,6.8
5284,6.2
5285,6.2
5286,6.3
5287,6.2
5288,6.5
5289,7.1
5290,6.9
5291,6.1
5292,7.8
5293,6.1
5294,6.2
5295,7.5
5296,6.4
5297,6.1
5298,6.7
5299,6.1
5300,6.9
5301,6.3
5302,6.9
5303,6.8
5304,6.5
5305,6.8
5306,6.4
5307,6.3
5308,6.7
5309,6
5310,6.7
5311,7.8
5312,6.1
5313,6.5
5314,6.1
5315,6.2
5316,7.2
5317,6
5318,8.3
5319,7.1
5320,8.4
5321,6.9
5322,7.4
5323,6
5324,6.5
5325,6.1
5326,7.6
5327,6
5328,6.8
5329,6.1
5330,6.1
5331,6.6
5332,6.2
5333,6.2
5334,7.2
5335,7.2
5336,6.9
5337,6.3
5338,7.7
5339,6.4
5340,6.4
5341,6.7
5342,7.9
5343,6.3
5344,7.3
5345,7.8
5346,6.5
5347,6.2
5348,7
5349,6.3
5350,6.5
5351,6.3
5352,6.4
5353,6.1
5354,6.1
5355,7.6
5356,6.2
5357,6.8
5358,8.1
5359,6.1
5360,6.8
5361,6.7
5362,6.9
5363,6
5364,6.4
5365,6.9
5366,7
5367,7.5
5368,7
5369,6.4
5370,6.3
5371,7.3
5372,6.4
5373,6.3
5374,6.3
5375,6.1
5376,6.4
5377,6.1
5378,7.1
5379,6.4
5380,7
5381,6.1
5382,6.9
5383,6.7
5384,6.1
5385,6.8
5386,6.2
5387,6.5
5388,6.9
5389,7.2
5390,6.3
5391,6.4
5392,7.3
5393,7.6
5394,6.6
5395,7.2
5396,7
5397,6.4
5398,7.6
5399,6.5
5400,6.7
5401,6.2
5402,6.1
5403,7
5404,7.2
5405,8.3
5406,7.4
5407,6.4
5408,7
5409,6.5
5410,6.4
5411,6.4
5412,6.6
5413,7.9
5414,7.5
5415,6.3
5416,7.2
5417,6.1
5418,6.4
5419,6.8
5420,6
5421,6.2
5422,7.4
5423,7.1
5424,6.3
5425,6.2
5426,6.3
5427,6.4
5428,7
5429,6.8
5430,6.3
5431,6.7
5432,7.8
5433,7
5434,6.8
5435,6.5
5436,6.2
5437,6.5
5438,6.2
5439,7.1
5440,6.7
5441,6.5
5442,6.7
5443,7.4
5444,7.6
5445,7.1
5446,6.2
5447,6.9
5448,7.5
5449,6.8
5450,6.2
5451,6.7
5452,6.6
5453,6.1
5454,6.3
5455,6.7
5456,6.1
5457,6.1
5458,6.1
5459,7.2
5460,6.1
5461,7.4
5462,7.1
5463,6.2
5464,7
5465,6
5466,6.3
5467,6.2
5468,6.6
5469,6.8
5470,6.6
5471,6.5
5472,7.4
5473,6.7
5474,6.9
5475,7
5476,7.2
5477,7.2
5478,8
5479,6.6
5480,6.3
5481,6.5
5482,8.5
5483,6
5484,6.5
5485,7
5486,6.4
5487,6.5
5488,6.3
5489,6.4
5490,7
5491,6.9
5492,6.4
5493,6.1
5494,6.2
5495,7.1
5496,6.5
5497,6.8
5498,7.5
5499,6.3
5500,6.6
5501,6.6
5502,6.4
5503,6.5
5504,6.1
5505,6.6
5506,6.4
5507,6.7
5508,6.1
5509,6.5
5510,6.4
5511,6.5
5512,7.4
5513,6.8
5514,7.1
5515,6.1
5516,6.4
5517,7.6
5518,6.7
5519,6.7
5520,6.8
5521,6.7
5522,6.5
5523,7.3
5524,6.1
5525,6.6
5526,7.8
5527,6.6
5528,6.1
5529,6.5
5530,6.6
5531,6.3
5532,6.2
5533,7.5
5534,7.6
5535,6.7
5536,6.8
5537,6
5538,6.5
5539,6.6
5540,7.7
5541,6.3
5542,7
5543,6.1
5544,6.8
5545,6.3
5546,6
5547,7.1
5548,6.5
5549,6.4
5550,7
5551,6.3
5552,8.2
5553,6.1
5554,7.6
5555,6
5556,6.9
5557,6.2
5558,6.8
5559,6.2
5560,6
5561,6.5
5562,6.4
5563,7.1
5564,6
5565,6.7
5566,7.1
5567,7.3
5568,6.3
5569,6.5
5570,6.5
5571,6.1
5572,6.7
5573,6.2
5574,6
5575,6
5576,7.4
5577,6.3
5578,6.5
5579,7.1
5580,6.8
5581,6.7
5582,6.5
5583,6.1
5584,7.1
5585,6.9
5586,6
5587,7.5
5588,7
5589,6.6
5590,6.3
5591,7.2
5592,6.3
5593,6.7
5594,6.7
5595,8.3
5596,6.3
5597,7.9
5598,6.9
5599,6.8
5600,6.6
5601,6.3
5602,6.2
5603,6.2
5604,6.4
5605,6.1
5606,7
5607,7
5608,7.6
5609,6.3
5610,6.2
5611,6.9
5612,6.4
5613,7.5
5614,7.1
5615,6.1
5616,7.2
5617,7.6
5618,6.8
5619,6.9
5620,6.7
5621,6.4
5622,6.2
5623,7.2
5624,6.4
5625,6.8
5626,6.8
5627,6.1
5628,6.2
5629,6.1
5630,6.1
5631,6.4
5632,6.3
5633,8.7
5634,6.6
5635,6.2
5636,7.9
5637,6.5
5638,8.1
5639,6.2
5640,7.2
5641,6.4
5642,6.3
5643,7.7
5644,7.7
5645,6.6
5646,6.3
5647,6.1
5648,6.7
5649,6.1
5650,6.1
5651,7.5
5652,6.3
5653,6.3
5654,6.5
5655,7.3
5656,7
5657,6
5658,6.3
5659,6.3
5660,7.1
5661,6.8
5662,7.2
5663,7.9
5664,6.4
5665,7.3
5666,7.7
5667,6.9
5668,6.6
5669,6.2
5670,6.2
5671,6
5672,6.3
5673,6.6
5674,7
5675,8.4
5676,6.2
5677,6.6
5678,6.2
5679,6.1
5680,6.5
5681,7.2
5682,6.4
5683,6.1
5684,6.1
5685,6.8
5686,6.1
5687,6.1
5688,8.4
5689,6.1
5690,7.9
5691,6.2
5692,6
5693,6.4
5694,6.3
5695,6.1
5696,6.5
5697,6.9
5698,7.4
5699,7.1
5700,6.3
5701,6.8
5702,6.6
5703,6.1
5704,7.4
5705,6.9
5706,6.2
5707,6.6
5708,6.4
5709,6.9
5710,7.5
5711,6.3
5712,7.1
5713,8.8
5714,7.2
5715,6
5716,6.8
5717,6.7
5718,6.7
5719,6.3
5720,6.7
5721,7.6
5722,7.4
5723,6.4
5724,6.8
5725,6.3
5726,7
5727,7.2
5728,6.2
5729,6.5
5730,6.3
5731,6.7
5732,7.1
5733,6.8
5734,7
5735,6.7
5736,7.3
5737,6.3
5738,6.5
5739,6.4
5740,6.7
5741,7.2
5742,7.7
5743,6.8
5744,6.2
5745,7.2
5746,6.6
5747,7.5
5748,6.3
5749,6.5
5750,7.6
5751,7.2
5752,6.3
5753,6.5
5754,6
5755,7.1
5756,7.2
5757,6.8
5758,7
5759,7.1
5760,6.6
5761,6.3
5762,6.1
5763,6.8
5764,6.4
5765,6.7
5766,6.5
5767,8.3
5768,7.7
5769,7.1
5770,6.1
5771,7.3
5772,6.3
5773,6.2
5774,7.2
5775,6.3
5776,6.6
5777,7.1
5778,6.1
5779,7.5
5780,6.5
5781,6.3
5782,6.3
5783,6.1
5784,6.8
5785,6.6
5786,6.2
5787,6.9
5788,6.7
5789,7.2
5790,6.1
5791,6.4
5792,6
5793,6.5
5794,6.2
5795,6.4
5796,6.2
5797,6.1
5798,6.7
5799,6.9
5800,6.7
5801,7.1
5802,6.2
5803,6.2
5804,7.5
5805,6.4
5806,7.1
5807,6.7
5808,7.3
5809,6.4
5810,6.2
5811,7.6
5812,6.2
5813,6.4
5814,6.1
5815,8.2
5816,7.2
5817,6.8
5818,6.5
5819,6.6
5820,6.1
5821,6
5822,7.2
5823,6.2
5824,8.5
5825,7.2
5826,8.1
5827,7.4
5828,7.2
5829,6.7
5830,6.5
5831,6.4
5832,7.2
5833,6.5
5834,6.4
5835,6.1
5836,6.1
5837,6.5
5838,6.9
5839,6.6
5840,6.9
5841,6.4
5842,6.6
5843,6.8
5844,6.6
5845,6.7
5846,7
5847,6.7
5848,6.5
5849,7.3
5850,6.4
5851,6.7
5852,6.2
5853,6.1
5854,6.8
5855,6.4
5856,6.2
5857,7.6
5858,6.3
5859,6.7
5860,6.9
5861,6.5
5862,6.3
5863,7.1
5864,6.7
5865,6.1
5866,6.1
5867,6
5868,6.3
5869,6.3
5870,6.8
5871,6.1
5872,6.5
5873,6.5
5874,6.7
5875,6.3
5876,6.4
5877,7.3
5878,7.2
5879,6.7
5880,6.5
5881,8
5882,6.9
5883,6.9
5884,6.9
5885,6.6
5886,6.1
5887,6
5888,6.5
5889,6.3
5890,6.5
5891,6.6
5892,7.5
5893,7.8
5894,7.1
5895,6.7
5896,6.6
5897,7.2
5898,6.8
5899,7.1
5900,6.2
5901,6.7
5902,7
5903,6.7
5904,6
5905,6.6
5906,6.6
5907,6.9
5908,6.8
5909,6.1
5910,7.6
5911,7
5912,6.8
5913,6.2
5914,7.3
5915,6.4
5916,6.5
5917,6.1
5918,7.1
5919,6.8
5920,8.1
5921,6.7
5922,6
5923,7
5924,7.6
5925,6.1
5926,6.8
5927,7.4
5928,6
5929,6.8
5930,6.6
5931,6.7
5932,6.9
5933,6.4
5934,6.1
5935,8
5936,6.7
5937,6.4
5938,6.4
5939,6.1
5940,6.1
5941,7
5942,6.3
5943,6.7
5944,6
5945,7.7
5946,6.3
5947,7.5
5948,7.7
5949,6.9
5950,6.9
5951,6.3
5952,6.4
5953,6.6
5954,6.3
5955,6.6
5956,7.1
5957,7
5958,6.6
5959,6.6
5960,6.6
5961,7.2
5962,7.9
5963,7.1
5964,6.3
5965,6.4
5966,6.7
5967,6
5968,7
5969,6.4
5970,6.7
5971,6.3
5972,7
5973,6
5974,7.7
5975,8.1
5976,6.7
5977,7.5
5978,6.6
5979,6.1
5980,6.6
5981,6.5
5982,7.1
5983,6.1
5984,6.1
5985,8
5986,6.5
5987,6.8
5988,6.8
5989,6.2
5990,7.6
5991,6.8
5992,6
5993,7.1
5994,6
5995,6.4
5996,6.2
5997,6.2
5998,7.3
5999,6.2
6000,6.4
6001,6.5
6002,6.1
6003,6.4
6004,6.4
6005,6
6006,6.8
6007,7.1
6008,6.1
6009,6.9
6010,7.1
6011,7.3
6012,6.7
6013,7.1
6014,7
6015,6.1
6016,7.3
6017,6.9
6018,7.3
6019,6.8
6020,6.9
6021,6.2
6022,7.1
6023,6
6024,6.1
6025,6.8
6026,7
6027,7
6028,6.5
6029,6.7
6030,6.9
6031,6.4
6032,6.4
6033,7.5
6034,7.3
6035,6.2
6036,6.5
6037,7
6038,6.5
6039,6.4
6040,6.9
6041,6.2
6042,6
6043,7.5
6044,6.6
6045,7.2
6046,6
6047,6.4
6048,6.2
6049,6.8
6050,6.6
6051,7.6
6052,6.5
6053,6.4
6054,7.5
6055,7.6
6056,6.9
6057,6.7
6058,6.8
6059,8
6060,6.9
6061,7.1
6062,6.7
6063,6
6064,7.8
6065,6.1
6066,7.1
6067,6.2
6068,6.6
6069,6.3
6070,6.3
6071,6.8
6072,8.2
6073,6.2
6074,7.2
6075,6.9
6076,6.3
6077,6.1
6078,6.2
6079,6.9
6080,6.7
6081,6.5
6082,7
6083,6.7
6084,7.1
6085,6.8
6086,7.1
6087,6.6
6088,7.2
6089,6.3
6090,6.9
6091,6.5
6092,6.3
6093,6.7
6094,7.4
6095,6.3
6096,6.3
6097,7.5
6098,6.9
6099,6.3
6100,6.8
6101,6.9
6102,6.3
6103,8.2
6104,6.2
6105,6.7
6106,6.7
6107,6.7
6108,6
6109,6.3
6110,6.3
6111,7.4
6112,6.6
6113,7.1
6114,7.9
6115,7
6116,6.9
6117,6.1
6118,6.3
6119,6.9
6120,6.5
6121,6.9
6122,6.1
6123,7
6124,6.3
6125,6.2
6126,6.4
6127,6.3
6128,6.4
6129,6.3
6130,6
6131,7.6
6132,6.7
6133,6.1
6134,6.1
6135,7.1
6136,6.2
6137,8.8
6138,6.1
6139,6.7
6140,7
6141,6.4
6142,6.2
6143,6.7
6144,6.6
6145,6.4
6146,6.8
6147,7.4
6148,6.3
6149,6.1
6150,6.5
6151,6.5
6152,7.4
6153,6.3
6154,7.8
6155,8
6156,6.5
6157,7.1
6158,6.2
6159,7.2
6160,6.6
6161,6.6
6162,6.9
6163,7.6
6164,6.8
6165,6.5
6166,6.9
6167,6
6168,6.1
6169,6.3
6170,7.2
6171,6.2
6172,6.1
6173,6.1
6174,6.9
6175,6.4
6176,6.4
6177,7.5
6178,6.6
6179,6.2
6180,6
6181,6.7
6182,6.7
6183,6.6
6184,6.8
6185,7.8
6186,6.1
6187,6.3
6188,6.6
6189,6.3
6190,6.1
6191,6.6
6192,7.1
6193,6.9
6194,7.4
6195,6.4
6196,6.7
6197,7.7
6198,7
6199,6.2
6200,6.1
6201,7.4
6202,7.4
6203,6.2
6204,6.7
6205,6.5
6206,7.1
6207,7.2
6208,6.3
6209,7
6210,6.6
6211,7.6
6212,6.8
6213,6.8
6214,6.7
6215,6
6216,6.3
6217,7.6
6218,6.5
6219,6.4
6220,6.4
6221,7.3
6222,7.1
6223,6.4
6224,7
6225,6.6
6226,7.1
6227,6.2
6228,6.1
6229,7.9
6230,6
6231,6.9
6232,7.7
6233,6.6
6234,7.1
6235,6.1
6236,6.9
6237,7.8
6238,6.5
6239,6.7
6240,6.7
6241,6.9
6242,7.1
6243,7.1
6244,7.1
6245,6
6246,6.6
6247,6.8
6248,6.9
6249,6.1
6250,7.4
6251,6.3
6252,6.2
6253,6.6
6254,6.8
6255,6.8
6256,6.6
6257,6.7
6258,6.3
6259,6.1
6260,6.9
6261,6.8
6262,6.7
6263,7.1
6264,6.1
6265,6
6266,6.5
6267,7.8
6268,6.5
6269,6.1
6270,7.9
6271,6.4
6272,7.4
6273,7.2
6274,7.9
6275,6.2
6276,6.6
6277,6.1
6278,7.4
6279,6.1
6280,6.8
6281,8.2
6282,6.8
6283,6.7
6284,7.8
6285,6.1
6286,6.3
6287,6.3
6288,7.1
6289,6.7
6290,6.3
6291,7.5
6292,6.5
6293,6.6
6294,6.2
6295,7
6296,6.9
6297,6.3
6298,6.3
6299,6.5
6300,6.7
6301,6.5
6302,6.3
6303,6.3
6304,6.3
6305,6.5
6306,8
6307,7.4
6308,6.9
6309,6.6
6310,6.6
6311,6.9
6312,6.9
6313,7.1
6314,7
6315,6.1
6316,6.6
6317,6.8
6318,6.3
6319,7.6
6320,6.7
6321,6.6
6322,6.3
6323,6.5
6324,6.9
6325,6.2
6326,7
6327,6.3
6328,6.5
6329,7.3
6330,6.8
6331,6.6
6332,6.7
6333,6.3
6334,6.3
6335,6.2
6336,7.2
6337,7.1
6338,6.5
6339,7.8
6340,7.8
6341,6.1
6342,6.4
6343,6.2
6344,6.3
6345,6.1
6346,6.3
6347,6.8
6348,6.2
6349,7.5
6350,6.8
6351,6.4
6352,7.6
6353,7.2
6354,6.8
6355,6.2
6356,6.1
6357,6.5
6358,6.1
6359,6.6
6360,7.2
6361,6.5
6362,6
6363,6.7
6364,7.3
6365,6.3
6366,7.9
6367,6.1
6368,7.6
6369,6.5
6370,7.9
6371,6.1
6372,6.3
6373,6.8
6374,6.6
6375,6
6376,6.6
6377,6
6378,6.1
6379,8
6380,6.3
6381,7.3
6382,6
6383,6.3
6384,6.8
6385,7
6386,6.5
6387,6.8
6388,6.6
6389,7.6
6390,7.3
6391,6.3
6392,7.7
6393,6.6
6394,7.1
6395,6
6396,6.9
6397,6.6
6398,7.4
6399,6.3
6400,6.8
6401,7.4
6402,6.9
6403,6.5
6404,6.6
6405,6.2
6406,6.3
6407,7.4
6408,6.5
6409,7.8
6410,6.7
6411,6.2
6412,7.2
6413,6.9
6414,6.2
6415,6.3
6416,6.7
6417,7.9
6418,6.3
6419,6.2
6420,6.2
6421,6.7
6422,7
6423,7
6424,6.4
6425,6.7
6426,6.6
6427,6.5
6428,7.9
6429,7.1
6430,6.1
6431,6.8
6432,6
6433,6.3
6434,7.7
6435,6.6
6436,6.5
6437,6.6
6438,6.5
6439,6.7
6440,6.1
6441,6.7
6442,6
6443,6.6
6444,6.9
6445,6.3
6446,6.3
6447,7.1
6448,8.2
6449,6.5
6450,6.7
6451,6.4
6452,6.7
6453,6.4
6454,6.2
6455,6.6
6456,8
6457,7.1
6458,6.5
6459,6.1
6460,6.2
6461,6.6
6462,6.4
6463,6.4
6464,7.5
6465,6.3
6466,6.6
6467,7
6468,6.3
6469,6.1
6470,7.8
6471,7.7
6472,7.3
6473,6.1
6474,6.1
6475,6.1
6476,6.2
6477,6.7
6478,6.5
6479,6.2
6480,7.4
6481,6.2
6482,6.9
6483,6.7
6484,6.3
6485,7.3
6486,8
6487,6.3
6488,7.4
6489,6.1
6490,6.7
6491,6.9
6492,6
6493,6.2
6494,6.3
6495,6.4
6496,7.4
6497,6.3
